{
  "project_info": {
    "project_number": "13850856072",
    "firebase_url": "https://imfirebaseproject-1a026.firebaseio.com",
    "project_id": "imfirebaseproject-1a026",
    "storage_bucket": "imfirebaseproject-1a026.appspot.com"
  },
  "client": [
    {
      "client_info": {
        "mobilesdk_app_id": "1:13850856072:android:200c3417649fb650",
        "android_client_info": {
          "package_name": "com.apps.swidiy.im"
        }
      },
      "oauth_client": [
        {
          "client_id": "13850856072-22hnuv9nrea7v17p2inbckrnn2qr8bgi.apps.googleusercontent.com",
          "client_type": 1,
          "android_info": {
            "package_name": "com.apps.swidiy.im",
            "certificate_hash": "a9a369f539f384497adc542be6dc3a8c59a8f8b0"
          }
        },
        {
          "client_id": "13850856072-e1cp8diktcdetrfbq8cornr8jh9gvogd.apps.googleusercontent.com",
          "client_type": 3
        }
      ],
      "api_key": [
        {
          "current_key": "AIzaSyDdNAYUBTLsuFTPeAB7C-xN7lz3FafIl9U"
        }
      ],
      "services": {
        "appinvite_service": {
          "other_platform_oauth_client": [
            {
              "client_id": "13850856072-e1cp8diktcdetrfbq8cornr8jh9gvogd.apps.googleusercontent.com",
              "client_type": 3
            }
          ]
        }
      }
    },
    {
      "client_info": {
        "mobilesdk_app_id": "1:13850856072:android:65708a5e3bab7c22",
        "android_client_info": {
          "package_name": "com.apps.swidiy.semangatsiska"
        }
      },
      "oauth_client": [
        {
          "client_id": "13850856072-e1cp8diktcdetrfbq8cornr8jh9gvogd.apps.googleusercontent.com",
          "client_type": 3
        }
      ],
      "api_key": [
        {
          "current_key": "AIzaSyDdNAYUBTLsuFTPeAB7C-xN7lz3FafIl9U"
        }
      ],
      "services": {
        "appinvite_service": {
          "other_platform_oauth_client": [
            {
              "client_id": "13850856072-e1cp8diktcdetrfbq8cornr8jh9gvogd.apps.googleusercontent.com",
              "client_type": 3
            }
          ]
        }
      }
    }
  ],
  "configuration_version": "1"
}